{
  "project_info": {
    "project_number": "382370242638",
    "firebase_url": "https://fir-tutorial-54874-default-rtdb.firebaseio.com",
    "project_id": "fir-tutorial-54874",
    "storage_bucket": "fir-tutorial-54874.appspot.com"
  },
  "client": [
    {
      "client_info": {
        "mobilesdk_app_id": "1:382370242638:android:c9d9fed95ae1d54923e31f",
        "android_client_info": {
          "package_name": "com.DefaultCompany.FirebaseAuthTutorialCompleteProject"
        }
      },
      "oauth_client": [
        {
          "client_id": "382370242638-i8vqk0lvhlv30mc3p9bvcaum7r4jn8gq.apps.googleusercontent.com",
          "client_type": 3
        }
      ],
      "api_key": [
        {
          "current_key": "AIzaSyAqPZ_16oycecOKgmIN5PxAyWu28FEWm10"
        }
      ],
      "services": {
        "appinvite_service": {
          "other_platform_oauth_client": [
            {
              "client_id": "382370242638-i8vqk0lvhlv30mc3p9bvcaum7r4jn8gq.apps.googleusercontent.com",
              "client_type": 3
            }
          ]
        }
      }
    }
  ],
  "configuration_version": "1"
}